Genre,Game,Year,Revenue,Review,Team size,Trailer,UI,Art style,Feature,Scope,Content,Replayability
Cozy Management,Potion Craft: Alchemist Simulator,2022,~$12M,"42,357","Small team (~5, niceplay games)","90s — alchemy lab shown in first 5s; ingredient map, customer haggling, and potion glow all visible; strong music pacing; communicates the loop immediately",Top-down alchemy map for ingredient mixing; potion shelf on right; recipe book and cauldron icons; clean — nothing competes for attention,"Hand-drawn 2D, warm medieval earth tones, rich illustrated textures",Physical alchemy map (navigate ingredients by hand); recipe discovery system; customer request + haggling; ingredient garden; 150+ potion types; shop reputation upgrades,15–25hr story mode; 150+ potions; 5 ingredient categories; EA Sept 2021 → 1.0 Dec 2022 (15 months),"150+ potion recipes, haggling minigame, ingredient alchemy map with 5 regions, shop assistant NPCs, customer personality types. 'Hundreds of hours of experimentation — still finding new combos' — Steam",Medium — completionist recipe hunting; daily challenge seeds; achievement paths. 'Played 80hrs perfecting my alchemy map route' — Reddit r/PotionCraft
Cozy Management,Tavern Master,2021,~$8.2M,"11,691","Small team (~3-4, indie studio)",60s — isometric tavern shown with layout flow; staff serving tables visible; customer satisfaction numbers animate; loop clear within 15s,Isometric overhead; toolbar with room/staff/menu tabs; satisfaction hearts above NPC heads; minimal HUD; readable at a glance,"Pixel art, isometric, warm golden tavern tones, detailed interior sprites",Room layout & furniture placement; staff hiring with skill trees; drink/food menu management; guest room booking; customer satisfaction chains; expansion to new floors,Open-ended sandbox management; 20+ furniture sets; 5+ staff roles; continuous post-launch updates; ~30–50hr before saturation,"Multiple room types (bar, dining, sleeping quarters), staff specializations, special event nights, seasonal decor, expansion zones. 'Still getting content updates 3 years later' — Steam",Medium-High — layout optimization rabbit hole; challenge runs (budget constraints); achievement hunting. 'Try a different layout strategy every restart' — Reddit
Cozy Management,Potionomics,2022,~$4M,"7,089",Team of ~10 (Voracious Games),90s — anime character intro → deckbuilding potion crafting → customer negotiation; high production value; genre mashup communicated clearly,Deckbuilding hand UI for crafting; shop counter for customer service; NPC relationship panel; layered but learnable; tooltip system strong,"Vibrant 2D anime, bright jewel-toned potions, high-quality character portrait art",Deckbuilding potion crafting (200+ cards); shopkeeper negotiation timing; NPC relationship system (12 characters); weekly market competition; time management per in-game week; ingredient quality tiers,15–20hr story campaign; 4 seasons; 12 main NPCs; 200+ cards; weekly customer cycles reset each season,"Full narrative campaign with 12 NPC arcs, romance options, weekly market competition against rival shops, ingredient sourcing quests. 'Deckbuilding and shopkeeping synergy is unlike anything else' — Steam",Medium-High — deck strategy variety drives different playthroughs; multiple romance paths; competitive leaderboard. 'Second run for optimized deck was completely different feel' — Reddit
Cozy Management,Sticky Business,2023,~$2.5M,"6,757",Solo dev (Spellgarden Games),"60s — sticker creation shown in first 8s; layering elements, packaging, shipping visible; demo of 500+ parts on screen; immediate 'I could do this all day' feeling",Drag-and-drop sticker builder with element layers; order queue sidebar; packaging selection at checkout; clean and tactile-feeling,"Flat 2D, bright pastel palette, cute illustrated design elements, clean linework",Sticker design tool (500+ layerable parts); custom orders with specific briefs; shop branding; packaging design; 40+ NPC customer storylines; seasonal collections; mailing system,20–30hr to unlock all NPC stories; open-ended creative after; 40+ customer story arcs; solo dev content updates,"500+ design parts, 40+ NPC backstories that evolve over orders, seasonal collections, packaging personalization, mailing unboxing animations. 'Inexplicably hard to put down — each order tells a tiny story' — Metacritic",High — creative system drives near-infinite variation; 40 NPC stories on multiple playthroughs; challenge orders with strict briefs. 'Still making stickers 200hrs in' — Steam
Cozy Management,Minami Lane,2024,$750K,"6,375",Solo dev (doot games — 6 months development),45s — neighborhood overview → shop placement → resident happiness meters; animated pixel villagers visible; charming music hook; entire loop shown in under 30s,Top-down 2D; drag-and-drop shop tiles; per-resident happiness bar; goal checklist sidebar; zero clutter,"Pixel art, soft anime-influenced warm pastels, hand-animated resident sprites",Street-level city builder; shop-type placement to maximize resident happiness; 30+ shop varieties; unlockable building types; level objectives; ambient sound design tied to shop types,5–8hr per playthrough; 10+ neighborhood challenge levels; 30+ shop types; shipped as 1.0 (no EA); $4.99 price point,"30+ shop types, 10 challenge neighborhood levels, resident personality profiles, ambient living street simulation. 'Short but so perfectly paced I replayed it immediately' — howtomarketagame.com","Medium — level replay for higher happiness scores; layout optimization; community-shared street designs. 'Beat all levels, immediately started new file with different shop philosophy' — Steam"
Cozy Management,Tiny Bookshop,2025,$4.16M,"6,365",Solo dev (neoludic games),90s — seaside bookshop travel shown; book-to-customer matching mechanic visible; NPC dialogue snippets; pastoral music; hit Steam top 20 bestsellers in first 4 days,"Overhead view; book inventory shelf on left; customer portrait + preference shown on right; minimalist, readable at a glance; no visual noise","Hand-drawn 2D, soft watercolor coastal tones, gentle illustrated character portraits",Book-to-customer preference matching; travel to 12 seaside locations; inventory curating; 50+ NPC relationships; seasonal book events; second-hand sourcing system; 200+ book types,8–12hr main narrative; 12 coastal locations; 50+ NPCs with story arcs; 200+ books to collect; 300K+ copies sold,"50+ NPCs with multi-chapter storylines, 12 coastal town locations, seasonal inventory rotation, book sourcing expeditions. 'Cried three times in a bookshop sim — this writing is something else' — Steam",Medium — replay to complete NPC storylines missed; different book-sourcing strategies; 'bookseller type' roleplay community meta. 'Chapter 2 of [NPC name]'s arc hit different on second run' — Reddit
Cozy Management,Bear and Breakfast,2022,$3.1M,"5,276","Team of ~5 (Gummy Cat, Romanian studio)",60s — narrated animated trailer; bear discovers shack → builds B&B → satisfied guests; gameplay shown at 20s; charm-first approach worked,Overhead room builder; drag-and-drop furniture with clear category tabs; guest needs/preference sidebar; satisfaction number above each guest,"Hand-drawn 2D cartoon, warm woodland palette, expressive bear protagonist character design",B&B room construction; themed room design (guests prefer style coherence); staff bear companions with skills; resource gathering; NPC quest chains; 5-location map expansion; 100+ furniture items,15–20hr story; 5 B&B locations with distinct theming; 100+ furniture; staff companion system; EA → 1.0 Jul 2022,"5 uniquely themed B&B locations, 100+ furniture items, full narrative campaign with emotional beats, staff bear companions with backstories. 'Full story with real emotional weight — rare in a management game' — Steam",Medium — different themed room strategies; completionist NPC quests; achievement hunting. 'Returned for 100% achievements and found quests I missed entirely' — Steam
Cozy Management,Gemporium: A Cute Mining Sim,2024,~$350K,852,Small team (~2-3 devs),60s — mining + shop split shown; gem-sorting mechanic visible; cute chibi art style front-and-center; loop communicated clearly,"Split-screen: mine on left, shop on right; gem category tabs; customer preference display; colorful but organized","Pixel art, jewel-bright palette, chibi character style, expressive gem item sprites",Manual mining minigame (dig-and-reveal); gem sorting + pricing; customer preference matching; gem combination crafting; 50+ gem types; shop display customization; 5+ mining zones,10–15hr; 50+ gem types; 5 mining zones; 20+ shop upgrades; post-completion sandbox,"50+ gem types with combination recipes, 5 mining environments with hazards, NPC collector characters with wishlists, gem exhibition events. 'More depth than its cute exterior suggests' — Steam",Medium — gem combo discovery completionism; mining zone mastery; shop aesthetic goals. 'Still discovering new gem combos at 25hrs' — Steam
Cozy Management,Not Monday Cafe,2025,~$200K,513,"Small team (Sunny Syrup Studio, ~3 devs)",75s — character-driven trailer; café atmosphere and NPC interactions shown; warm palette; emotional hook from community board storyline; strong narrative framing,Top-down café; order queue on right; customization mode toggle; community board sidebar; warm and readable,"Soft 2D vector art, warm café browns and cream palette, expressive character portrait illustrations","Café management (brewing, service, closing); 30+ NPC storylines via community board; weekly events; seasonal menu specials; café decoration; NPC relationship progression",12–18hr for all NPC arcs; seasonal content; 30+ NPC characters; weekly event cycle,"30+ NPCs with multi-chapter story arcs, weekly town events, seasonal menu specials, community board quest system, café interior customization. '95% positive — best cozy narrative outside Stardew' — Steam",Medium — seasonal replay; new NPC story branches on NG+; café design challenge community. 'Came back for the autumn season update and found 3 new NPCs' — Steam
Cozy Management,Horticular,2022,~$130K,369,Solo dev (Jon Weinbren),Time-lapse trailer — garden grows → wildlife arrives; meditative pacing; no UI clutter shown; relies on visual appeal of the end-state garden,Overhead garden grid; plant catalog on left; wildlife tracker overlay; photo mode button prominent; minimal HUD — pure garden view,"Pixel art, lush naturalistic greens and earth palette, illustrated wildlife portrait cards",Garden tile placement; plant combination system to attract specific wildlife; habitat type goals; 100+ plant species; 60+ wildlife types; seasonal visitor migration; wildlife encyclopedia; photo mode,10–15hr campaign goals; 100+ plant species; 60+ wildlife types; sandbox mode after campaign; post-completion seasonal rotation,"100+ plants with attract-combination rules, 60+ wildlife species with seasonal patterns, photo mode, wildlife encyclopedia with flavor text. 'Meditative and surprisingly educational' — Steam (89% positive)",Medium — wildlife completion goals; garden design experimentation; seasonal wildlife events drive return visits. 'Built three completely different garden layouts chasing different wildlife goals' — Steam
Cozy Management,Kamaeru: A Frog Refuge,2024,~$120K,287,Duo (Humble Reeds — 2 devs),Soft pastoral animation; frog photography shown as core hook; habitat building and frog variants previewed; gentle music; warm reception at reveal,Overhead 2D habitat grid; frog detail cards with variant stats; habitat placement tiles; clean minimalist iconography,"Soft watercolor 2D, muted greens and pastel bog colors, detailed illustrated frog portrait cards",Wetland habitat design (tile placement); frog photography mechanic (Pokémon Snap–style); frog pairing and breeding (500+ variants); habitat ecology simulation; restoration goals; photo album; 20+ habitat types,12–18hr; 500+ frog variants from breeding; 20 habitat types; photography album completion goal; full ecological restoration narrative,"500+ frog variants via breeding system, photography album, habitat ecology cause-and-effect, restorative environmental narrative. 'So much more depth than the cute art suggested' — Steam (86% positive)",Medium — frog collection completionism; habitat design optimization; community-shared photography albums. 'Still hunting variant #487' — Steam
Cozy Management,Tailside: Cozy Cafe Sim,2026,~$80K,199,Small team (~3-4 devs),75s — Studio Ghibli-inspired pixel art café; brewing and decoration shown; warm atmosphere; Twitch integration mentioned; early access framing clear,Side-view café; customer order queue top-right; ingredient prep bar bottom; decoration mode toggle; Ghibli-warm palette carries over to UI,"Pixel art, Studio Ghibli-inspired warm amber palette, expressive anthropomorphic animal characters",Coffee brewing recipes; café decoration system; daily newspaper narrative events; Twitch integration (viewers become café guests); seasonal events; gacha plushie collectibles; roadmap: greenhouse + weather (2027),8–12hr current EA content; grind curve peaks around day 10; full 1.0 planned 2027; planned greenhouse + weather system,"Seasonal menu rotation, newspaper story events driving gameplay context, Twitch viewer café guest system, gacha plushie collection. 'A steaming cup of potential with some grind bumps' — The Magic Rain review",Low-Medium currently — XP grind curve at day 10 stalls momentum; more content expected at 1.0. '96% positive at 199 reviews — community is patient with the EA roadmap' — Steam
Cozy Management,My Café Manager Simulator,2024,~$50K,170,Solo or duo (small indie),Basic gameplay footage; café layout and checkout shown; average production quality; no distinctive hook communicated,Standard 3D café overhead view; customer queue; shelf inventory; functional but visually unremarkable compared to peers,"3D low-poly, muted café palette, generic asset pack visual identity",Shelf stocking; checkout scanning; cart delivery system; café renovation; limited staff management; basic customer types,5–8hr before hitting content repetition ceiling; single café location; limited upgrade systems,"Single café, basic drink/food stocking, simple renovation mode, basic customer types. 'Runs out of content much too quickly' — Steam (67% positive — Mixed)",Low — repetitive loop without compelling progression arc; mixed reception reflects thin depth. 'Played 3hrs and had seen everything' — Steam
Cozy Management,Merchant 64,2024,~$35K,115,Solo dev,"45s — retro 8-bit aesthetic; town-to-town trading concept shown; price table and merchant cart visible; 5,000 wishlists from trailer per howtomarketagame feature",Retro 8-bit pixel interface; buy/sell price comparison table; town map with travel time; reputation meter per town; deliberately minimal,"Retro 8-bit pixel art, low 4-color palette per area, charming NES-era aesthetic",Town-to-town merchant travel; buy-low/sell-high price discovery; town reputation system; 10+ towns with distinct economies; random travel events; unlockable trade goods; merchant skill upgrades,5–8hr to see all towns; 10+ towns; 30+ trade goods; short and focused; $9.99 price point,"10 towns with individual economy simulations, reputation affecting prices, random travel events, trade good categories. 'Short but exactly what it promised — no filler' — Steam (70% positive)",Low-Medium — different trade route optimization strategies; reputation challenge runs. 'Fun for one full run; second run is less surprising' — Steam
Cozy Management,Coffee Shop Simulator,2022,~$4K,12,Solo dev,Basic screen-capture footage; no gameplay hook communicated; generic café assets; low production quality,Cluttered 3D UI; overlapping panels; unclear where to look first; tutorial absent,"Generic 3D low-poly, no distinctive visual identity, default asset-pack café look",Coffee making; basic café management; staff hiring; customer service; café furnishing — standard feature set with no differentiator,1–3hr before hitting content ceiling or bugs; minimal systems at launch,"Single café, basic drinks menu, no NPC stories, no narrative layer. 'Game is broken and unplayable in core systems' — Steam (0% positive, 12 reviews)",None — fundamental bugs and broken core systems prevent extended play; 0% positive rating
Cozy Management,Let's Café,2024,~$5K,16,Solo dev,Simple demo footage of fuzzy creature customers; café concept charming but pacing slow; limited marketing reach,Overhead café with recipe discovery menu; tip display; readable but extremely sparse content,"Chunky pixel art, warm earth tones, cute anthropomorphic animal customers","Recipe discovery mechanic; customer problem-solving through food; menu management; tip optimization — concept is strong, execution thin at launch",Very early EA — limited content; roadmap visible but timeline unclear; 3–5hr current content ceiling,"Small set of recipes and fuzzy NPC customers; narrative premise promising but highly incomplete. 'Love the concept, but it desperately needs more content' — Steam (100% positive, 16 reviews)",None yet — too early in EA; audience too small to build community momentum
Cozy Management,Nom Nom: Cozy Forest Café,2024,~$30K,78,Small team (~3-4 devs),Cute animal café with rhythm cooking elements shown; pleasant but niche appeal; limited pre-release marketing visible,Side-view café; rhythm bar during cooking phase; simple order display; functional but lacks polish,"2D soft cartoon, forest-green and warm brown palette, chibi animal characters",Rhythm cooking mechanic (beat-timed food prep); café decoration; customer ordering; 20+ recipes; forest critter collecting; menu expansion over time,5–8hr; 20+ recipes; 15+ animal character types; limited post-completion content loop,"20+ rhythm-based recipes, animal character bios, forest café ecosystem, decoration customization. 'Wholesome rhythm café sim' — Screen Hype (93% positive but only 78 reviews)",Low — rhythm variation is limited; content exhausted in a single sitting for most players; niche crossover (rhythm + cozy) constrained the audience
Cozy Management,Cozy Cabin: Coffee Boutique,2023,~$4K,~25,Duo (Nat Maciel + DukeOfHounds),First-person alpine coffee shop concept; scenic mountain setting appealing; but low production polish and unclear order system in footage,First-person order-taking; symbol-based customer requests; tutorial clarity issues widely reported by demo players,"3D low-poly, alpine cabin aesthetic, snow and wood palette — concept is appealing, execution is rough",First-person coffee making; mini-games for each brew step; narrative mountain storyline — development abandoned Aug 2023 before meaningful content delivery,Demo only before abandonment; minimal playable content; development halted due to dev's personal circumstances (publicly disclosed),"Mountain cabin intro, basic order system, narrative teaser. Development permanently stopped Aug 2023. 'Had potential but will never be finished' — Steam community",None — abandoned in demo state; no playable release ever reached
Cozy Management,Bakery Shop Simulator,2021,~$12K,~65,"Small team (unknown, 2-3 devs)",Basic bakery showcase; baked goods and counter service shown; dated visual quality; no hook distinguishing it from similar titles,Overhead shop; functional but dated interface; item placement and customer management present but unremarkable,"Low-poly 3D, generic bakery assets, dated visual quality — no visual identity",25 bread/pastry recipes; customer counter service; basic shop expansion; ingredient management; rudimentary staff — feature-complete but shallow on all dimensions,4–6hr; ~25 baked goods types; limited progression; no post-launch support,"25 baked item types, single bakery, basic customer flow, no NPC stories. 'Works but gets boring within an hour' — Steam reviews",None — thin loop with no compelling reason to return; no updates or community activity post-launch
Cozy Management,CoffeeShop Simulator,2025,~$4K,~20,Solo dev,Generic coffee shop gameplay footage; standard assets; no hook distinguishing from Coffee Shop Simulator or dozens of similar titles,Standard 3D café interface; similar to competitor sims with no standout design choice; functional but forgettable,"Generic 3D low-poly, café-brown palette, no distinctive visual hook — easily confused with multiple similar titles on Steam",Coffee brewing customization; café design; customer management; staff hiring; expansion — identical feature set to many existing sims,3–5hr before content ceiling; limited depth of systems; no standout differentiator at launch,"Standard café sim feature set without differentiation. No NPC depth, no narrative, no unique mechanic. Lost in a flooded category.",None — category is saturated with identical offerings; no reason to choose this over established competitors like Tavern Master or Potion Craft
Cozy Management,Cozy Market Simulator,2025,~$3K,~15,Solo dev,Market stall management concept shown; minimal production quality; no clear visual or mechanical hook over existing options,Simple 3D market stall view; basic inventory and customer management; no UI distinction from generic sim template,"Simple 3D, generic market aesthetic — no strong visual identity or deliberate cozy art direction",Market stall setup; inventory buying/selling; basic customer preference; stall decoration; seasonal market events — thin feature set at launch,Very early release; limited content; no visible post-launch support or community update schedule,Basic market stall sim features; selling inventory to customers; minimal NPC depth. No distinguishing content layer.,None — too thin a content layer to sustain play beyond initial session; no community traction
