Genre,Game,Year,Revenue,Review,Team size,Art style,Feature,Scope,Content,Replayability,Tier
Roguelike Deckbuilder,Balatro,2024,$100M+ gross,"190,000+",Solo (LocalThunk),Minimalist poker card aesthetic; dark felt background; neon highlights,Poker hand scoring + 150+ joker modifiers; 15 deck types; ante escalation; no combat,1–2hr per run; 15 decks; 150+ jokers; Endless mode; 9 stakes,Massive joker-synergy space; daily challenges; seeds; 'Still discovering combos after 200hrs',Extremely high — joker variance; viral shareability; 'my go-to gaming comfort food',HIGH
Roguelike Deckbuilder,Inscryption,2021,$35M net,"143,746",Solo (Daniel Mullins),Dark folk horror; hand-crafted 3D cabin aesthetic; warped lo-fi card art,Deckbuilding + escape-room + meta-narrative horror; 3 distinct acts; Leshy/Grimora/Magnificus,8–12hr campaign; 3 acts; Kaycee's Mod adds infinite roguelike runs,Rich layered ARG; secret hidden content; 'Most unique game I've ever experienced',Moderate for story; Very high with Kaycee's Mod,HIGH
Roguelike Deckbuilder,Slay the Spire,2019,$50M+,"75,000+",Duo (MegaCrit),Hand-painted card art; dark dungeon watercolor palette; moody but readable,Deckbuilding + relic system + branching map; 4 characters; 500+ cards; ascension,5–10hr per run; 4 characters; 20+ bosses; EA 2017 → full 2019,4 characters; daily challenges; custom mode; 'genre-defining game',Very high — enormous build variety; daily seeds; community mods,HIGH
Roguelike Deckbuilder,Monster Train,2020,$10M+ est.,"12,212",Team ~15 (Shiny Shoe),Detailed 2D illustration; vibrant hellfire palette; distinct faction aesthetics,Deckbuilding + vertical positional defense (3 floors) + 5 clans + 1500+ cards; 25 covenants,4–8hr per run; 5 clans; covenant progression; expansion added 2 more clans,Enormous clan-combo space; active mods; 'Deeper than StS in some ways',Very high — clan synergies; mods; 'Playing for 3 years still finding combos',HIGH
Roguelike Deckbuilder,Shogun Showdown,2024,$3M+ est.,"6,746",Solo (Roboatino),Minimalist pixel art; Japanese ink-wash aesthetic; muted earth + red palette,Tile-based movement + weapon slot deckbuilding + 40+ weapons; 5+ characters,3–6hr per run; 5+ characters; multiple biomes; EA 2022 → full 2024,Tight mechanical depth; diverse weapon builds; 'Best solo roguelike this year',High — character unlocks; build variety; daily runs; '100+ hours not bored',HIGH
Roguelike Deckbuilder,Wildfrost,2023,$5.6M gross,"5,276",Team ~4 (Deadpan Games),Cute pixel art; pastel winter palette; animated companion cards; charming,Countdown timer + companion system + deckbuilding; 200+ cards; 3 tribal clans; village meta,4–8hr per run; 3 biomes; 3 clans; 20+ companions; village upgrade meta-layer,Rich seasonal card variety; good tutorial; Switch simultaneous launch; 'Scratches the itch perfectly',High — companion build variety; village meta-progression,HIGH
Roguelike Deckbuilder,Luck Be a Landlord,2023,$2M+ est.,"5,299",Solo (TrampolineTales),Retro slot machine pixel aesthetic; bold icon art; casino typography; lo-fi charm,Slot-machine roguelike; 200+ symbols; rent escalation pressure; symbol synergy stacking,1–3hr per run; floor rent progression; daily seeds; frequent content updates,Wide symbol variety; 'incredibly addictive one-more-spin loop'; dev updates built community,Very high — economy metagame varies; '400 hours and still discovering',HIGH
Roguelike Deckbuilder,Cobalt Core,2023,$1.2M est.,"3,308",Team of 3 (Rocket Rat Games),Cute pixel art + sci-fi spaceship aesthetic; vibrant crew designs; clean board,Column-grid card combat + crew management + time-loop narrative; 7+ crew each with card types,4–8hr per run; 7+ crew; looping routes; narrative reveals per run,Tight looping narrative; 'Surprisingly heartfelt story for a deckbuilder',High — crew synergy variety; regular updates; 'Can't believe 3 people made this',MID
Roguelike Deckbuilder,Vault of the Void,2021,$860K est.,"2,958",Solo (Spider Nest Games),Clean dark-fantasy digital card aesthetic; detailed illustrations; no pixel art — painterly,Purification system (narrow deck focus); 400+ cards; 4 classes; minimal RNG; mastery-focused,6–10hr per run; 4 classes; 400+ cards; 3 difficulty tiers,Deep card synergy; 'The deckbuilder for fans who want depth not luck',High for hardcore; niche loyal playerbase; 'Mastery curve keeps me coming back',MID
Roguelike Deckbuilder,Alina of the Arena,2022,$970K est.,"1,027",Solo (dested),Dark watercolor gladiatorial aesthetic; gritty earth-and-crimson palette; hand-drawn card art,Hex-grid spatial deckbuilding; 150+ cards; positional gladiator combat; multiple archetypes,3–5hr per run; 4+ arenas; multiple builds; solo dev support post-launch,Spatial puzzle layer elevates genre; 'Criminally underrated gem' — Steam,Good — spatial variety; multiple archetypes; 'Replayed 30+ times',MID
Roguelike Deckbuilder,Roguebook,2021,$500K est.,"3,948",Team ~10 (Abrakam; Richard Garfield co-design),Bright fantasy illustration; high-quality painted card art; vibrant hero designs; CCG quality,Map exploration + dual hero deckbuilding + gem enhancement; 500+ cards; unique map reveal mechanic,5–8hr per run; 4 heroes; 3 acts; gem crafting; expansion launched,Rich duo hero combos; Garfield credibility; 'Great if you've exhausted StS',Moderate — hero pairing good but combos feel samey long-term,MID
Roguelike Deckbuilder,SpellRogue,2025,$350K est.,"1,526",Team ~4 (2Tons),Bright 3D isometric; vibrant colorful fantasy; cartoony characters; strong visual identity,Dice-based spell augmentation + deckbuilding; 100+ spells; elemental combos; 3+ characters,3–5hr per run; 3+ characters; multiple biomes; full release 2025 from EA,Fresh dice mechanic differentiates from StS clones; 'One of 2025's pleasant surprises',Good — dice variance + spell combo space; 'Different every run',MID
Roguelike Deckbuilder,Nitro Kid,2022,$140K est.,403,Team ~5 (Koi Snowman Games),Neon cyberpunk pixel art; retro 80s palette; strong martial arts character designs,Deckbuilding + cyberpunk kung-fu combat + style meter; 100+ cards; 4 characters; 3 districts,3–5hr per run; 4 characters; 3 districts; style meter mechanic,"Solid card variety; 'Style over substance, but the style is worth it'",Moderate — decent variety; limited long-term hooks; 'Fun for 20hrs',MID
Roguelike Deckbuilder,Bramble Royale: A Meteorfall Story,2024,$20K est.,88,Solo (Slothwerks),Cute illustrated card art; nature/plant theme; charming but not visually distinctive,Grid-based card placement + deckbuilding; unique grid mechanic missed marketing moment,3–5hr per run; multiple characters; grid-based map movement,"Positive reception from players but commercial failure; 'Great game, shame no one knows it'",Moderate — grid mechanic adds variety; '95% positive but invisible',FAILURE
Roguelike Deckbuilder,Nadir: A Grimdark Deck Builder,2023,$25K est.,~180 (est.),Team ~5 (Sharkbomb Studios),"Dark grimdark illustration; medieval corruption aesthetic; high ambition, inconsistent quality",Grimdark deckbuilding + sin/virtue corruption system; multiple class routes; branching story,EA 2023; 4–6hr per run est.; multiple class builds; dark narrative,Ambitious grimdark angle; mixed execution; 'Interesting idea but rough around the edges',Low-moderate; grimdark tone limits casual replayability; niche didn't materialize,FAILURE
Roguelike Deckbuilder,Herald of the Fog,2022,$8K est.,~30 (est.),Solo,Lovecraftian horror aesthetic; dark misty atmosphere; low production value art,Lovecraftian deckbuilding; horror-themed cards; sanity mechanic; limited card pool,2–3hr per run est.; limited content at launch; niche horror theme,"Thin content layer; 'Good idea, limited execution'; no post-launch support",Low — limited card variety; no community for build discovery,FAILURE
Roguelike Deckbuilder,Lovecrafting,2023,$6K est.,~35 (est.),Solo,Standard Lovecraftian aesthetic; purple/dark palette; lacks visual hook to stand out,Lovecraftian card deckbuilding; eldritch encounter system; limited differentiation,2–4hr per run est.; small card pool; EA release; minimal post-launch,Thin content at launch; subject of indie market analysis as genre saturation cautionary tale,Very low — few cards; insufficient hooks for repeat plays,FAILURE
Roguelike Deckbuilder,Mahokenshi,2023,$100K est.,457,Team ~8 (Game Source Studio),Stylized samurai illustration; pastel Japanese aesthetic; cel-shaded hex map,Hex-map deckbuilding + samurai clans; multiple characters; movement + card play on hex grid,4–6hr per run; 3+ characters; hex-map movement; Mostly Positive,Decent execution but caught between genres; 'Jack of two trades' — Steam; low discovery,Moderate — hex movement variety but no strong word-of-mouth loop,FAILURE
Roguelike Deckbuilder,Runelancer,2023,$5K est.,~20 (est.),Solo,Generic fantasy pixel art; no distinct visual identity; blends into crowd,Standard deckbuilding loop; lancer/warrior theme; limited card pool,2–3hr per run est.; minimal content; very limited scope,Essentially a StS clone with a skin; no novel mechanic or art to drive discovery,Very low — generic design; no community; abandoned within months,FAILURE
Roguelike Deckbuilder,Cardaclysm: Shards of the Four,2021,$30K est.,~220 (est.),Team ~4 (Elder Games),Dark fantasy RPG aesthetic; card art inconsistent with RPG UI; mixed visual signals,Card deckbuilding + hack-and-slash hybrid; multiple playstyles; ambitious but unfocused,5–8hr per run est.; multiple character classes; hybrid combat; EA 2021,Blends genres but neither audience adopted it; 'Interesting hybrid that falls between two stools',Low-moderate — design unfocus reduces mastery loop; playerbase abandoned quickly,FAILURE
